<step title="BackgroundTrace" date="2026-01-07T21:14:15.415" instance="79e06d" url="/api/publish" method="POST" >
  <step title="Updating shutdown sentinel last write time" date="2026-01-07T21:14:15.431" SemaphoreCount="7" /><!-- duration: 0ms -->
  <step title="LockFile &apos;C:\home\site\locks\deployments.lock&apos; acquired" date="2026-01-07T21:14:15.431" /><!-- duration: 0ms -->
  <step title="Creating temporary deployment" date="2026-01-07T21:14:15.431" /><!-- duration: 31ms -->
  <step title="Performing fetch based deployment" date="2026-01-07T21:14:15.478" >
    <step title="Fetching changes." date="2026-01-07T21:14:15.493" /><!-- duration: 16ms -->
    <step title="Starting LocalZipHandler" date="2026-01-07T21:14:15.525" /><!-- duration: 0ms -->
    <step title="Cleaning up temp folders from previous zip deployments and extracting pushed zip file C:\local\Temp\zipdeploy\gzjba1tr.zip (4.44 MB) to C:\local\Temp\zipdeploy\extracted" date="2026-01-07T21:14:15.540" /><!-- duration: 0ms -->
    <step title="Cleaning up temp folders from previous zip deployments and extracting pushed zip file C:\local\Temp\zipdeploy\gzjba1tr.zip (4.44 MB) to C:\local\Temp\zipdeploy\extracted" date="2026-01-07T21:14:15.540" >
      <step title="Extracting 2185 entries to C:\local\Temp\zipdeploy\extracted directory" date="2026-01-07T21:14:15.572" >
        <step title="Extracting to C:\local\Temp\zipdeploy\extracted\package-lock.json ..." date="2026-01-07T21:14:15.572" /><!-- duration: 16ms -->
        <step title="Extracting to C:\local\Temp\zipdeploy\extracted\package.json ..." date="2026-01-07T21:14:15.587" /><!-- duration: 0ms -->
        <step title="Extracting to C:\local\Temp\zipdeploy\extracted\server.js ..." date="2026-01-07T21:14:15.587" /><!-- duration: 0ms -->
        <step title="Extracting to C:\local\Temp\zipdeploy\extracted\web.config ..." date="2026-01-07T21:14:15.587" /><!-- duration: 16ms -->
        <step title="Extracting to C:\local\Temp\zipdeploy\extracted\config\db.js ..." date="2026-01-07T21:14:15.603" /><!-- duration: 0ms -->
        <step title="Omitting extracting file traces ..." date="2026-01-07T21:14:15.603" /><!-- duration: 0ms -->
      </step><!-- duration: 1250ms -->
    </step><!-- duration: 1281ms -->
    <step title="Before sending BuildRequestReceived status to /api/updatedeploystatus" date="2026-01-07T21:14:16.822" /><!-- duration: 0ms -->
    <step title="DeploymentManager.Deploy(id:669e1ff7c1cc446c8c7cda701631089c)" date="2026-01-07T21:14:16.837" >
      <step title="Collecting changeset information" date="2026-01-07T21:14:16.853" /><!-- duration: 16ms -->
      <step title="Updating submodules" date="2026-01-07T21:14:16.868" >
        <step title="Updating submodules." date="2026-01-07T21:14:16.884" /><!-- duration: 0ms -->
      </step><!-- duration: 16ms -->
      <step title="Preparing deployment for commit id &apos;669e1ff7c1&apos;." date="2026-01-07T21:14:16.915" /><!-- duration: 0ms -->
      <step title="Determining deployment builder" date="2026-01-07T21:14:16.931" >
        <step title="Specific project was specified: Backend" date="2026-01-07T21:14:16.931" /><!-- duration: 0ms -->
        <step title="Builder is OneDeployBuilder" date="2026-01-07T21:14:16.947" /><!-- duration: 0ms -->
      </step><!-- duration: 16ms -->
      <step title="Copying SSH keys" date="2026-01-07T21:14:16.947" /><!-- duration: 16ms -->
      <step title="Building" date="2026-01-07T21:14:16.962" >
        <step title="Running build. Project type: OneDeploy" date="2026-01-07T21:14:17.009" /><!-- duration: 0ms -->
        <step title="Copying the manifest" date="2026-01-07T21:14:17.025" /><!-- duration: 0ms -->
        <step title="Clean deploying to C:\home\site\wwwroot" date="2026-01-07T21:14:17.056" /><!-- duration: 0ms -->
        <step title="Generating deployment script." date="2026-01-07T21:14:17.072" /><!-- duration: 0ms -->
        <step title="Generating deployment script" date="2026-01-07T21:14:17.072" >
          <step title="Using the following command to generate deployment script: &apos;azure site deploymentscript -y --no-dot-deployment -r &quot;C:\local\Temp\zipdeploy\extracted&quot; -o &quot;C:\home\site\deployments\tools&quot; --basic --sitePath &quot;C:\local\Temp\zipdeploy\extracted\Backend&quot;&apos;." date="2026-01-07T21:14:17.118" /><!-- duration: 0ms -->
          <step title="Executing external process" date="2026-01-07T21:14:17.134" type="process" path="starter.cmd" arguments="&quot;C:\Program Files (x86)\SiteExtensions\Kudu\2025.11.1.1\bin\node_modules\.bin\kuduscript.cmd&quot; -y --no-dot-deployment -r &quot;C:\local\Temp\zipdeploy\extracted&quot; -o &quot;C:\home\site\deployments\tools&quot; --basic --sitePath &quot;C:\local\Temp\zipdeploy\extracted\Backend&quot;" >
            <step title="The site directory path: .\Backend" date="2026-01-07T21:14:17.243" /><!-- duration: 0ms -->
            <step title="Generating deployment script for Web Site" date="2026-01-07T21:14:17.259" /><!-- duration: 0ms -->
            <step title="Generated deployment script files" date="2026-01-07T21:14:17.259" /><!-- duration: 0ms -->
          </step><!-- duration: 125ms -->
          <step title="Saved cached version of the deployment script for command -y --no-dot-deployment -r &quot;C:\local\Temp\zipdeploy\extracted&quot; -o &quot;C:\home\site\deployments\tools&quot; --basic --sitePath &quot;C:\local\Temp\zipdeploy\extracted\Backend&quot;" date="2026-01-07T21:14:17.259" /><!-- duration: 16ms -->
        </step><!-- duration: 203ms -->
        <step title="Running deployment command..." date="2026-01-07T21:14:17.290" /><!-- duration: 0ms -->
        <step title="Command: &quot;C:\home\site\deployments\tools\deploy.cmd&quot;" date="2026-01-07T21:14:17.306" /><!-- duration: 0ms -->
        <step title="Executing external process" date="2026-01-07T21:14:17.306" type="process" path="starter.cmd" arguments="&quot;C:\home\site\deployments\tools\deploy.cmd&quot;" >
          <step title="Handling Basic Web Site deployment." date="2026-01-07T21:14:17.400" /><!-- duration: 16ms -->
          <step title="Creating app_offline.htm" date="2026-01-07T21:14:17.493" /><!-- duration: 0ms -->
          <step title="KuduSync.NET from: &apos;C:\local\Temp\zipdeploy\extracted\Backend&apos; to: &apos;C:\home\site\wwwroot&apos;" date="2026-01-07T21:14:17.493" /><!-- duration: 0ms -->
          <step title="Deleting file: &apos;hostingstart.html&apos;" date="2026-01-07T21:14:17.493" /><!-- duration: 16ms -->
          <step title="Deleting app_offline.htm" date="2026-01-07T21:14:17.509" /><!-- duration: 0ms -->
          <step title="Finished successfully." date="2026-01-07T21:14:17.509" /><!-- duration: 0ms -->
        </step><!-- duration: 203ms -->
        <step title="Build completed succesfully." date="2026-01-07T21:14:17.525" /><!-- duration: 0ms -->
        <step title="Running post deployment command(s)..." date="2026-01-07T21:14:17.540" /><!-- duration: 16ms -->
        <step title="Requesting site restart" date="2026-01-07T21:14:17.572" /><!-- duration: 0ms -->
        <step title="Requesting site restart" date="2026-01-07T21:14:17.572" /><!-- duration: 0ms -->
        <step title="Requesting site restart. Attempt #1" date="2026-01-07T21:14:17.603" /><!-- duration: 16ms -->
        <step title="Requesting site restart. Attempt #1" date="2026-01-07T21:14:17.618" /><!-- duration: 16ms -->
        <step title="Successfully requested a restart. Attempt #1" date="2026-01-07T21:14:17.931" /><!-- duration: 0ms -->
        <step title="Successfully requested a restart. Attempt #1" date="2026-01-07T21:14:17.931" /><!-- duration: 0ms -->
        <step title="Deployment successful. DEPLOYMENTINFO: deploymentPath = OneDeploy, deployer = OneDeploy, os = windows, sku = Free, siteName = shopease-bula, siteHostName = shopease-bula-cshhexhdapfzbycf.centralindia-01.azurewebsites.net, deploymentStatus = Success" date="2026-01-07T21:14:17.947" /><!-- duration: 0ms -->
      </step><!-- duration: 1047ms -->
    </step><!-- duration: 1172ms -->
    <step title="Cleaning up temp files" date="2026-01-07T21:14:18.009" /><!-- duration: 0ms -->
    <step title="Skip function trigger and logicapp sync because function is not enabled." date="2026-01-07T21:14:18.025" /><!-- duration: 0ms -->
  </step><!-- duration: 2563ms -->
  <step title="LockFile &apos;C:\home\site\locks\deployments.lock&apos; released" date="2026-01-07T21:14:18.040" /><!-- duration: 16ms -->
  <step title="Deleting shutdown sentinel file" date="2026-01-07T21:14:18.056" SemaphoreCount="8" /><!-- duration: 0ms -->
</step><!-- duration: 2641ms -->
