<step title="BackgroundTrace" date="2026-01-07T21:02:29.707" instance="79e06d" url="/deploy" method="POST" >
  <step title="Updating shutdown sentinel last write time" date="2026-01-07T21:02:29.738" SemaphoreCount="7" /><!-- duration: 0ms -->
  <step title="LockFile &apos;C:\home\site\locks\deployments.lock&apos; acquired" date="2026-01-07T21:02:29.738" /><!-- duration: 16ms -->
  <step title="Creating temporary deployment" date="2026-01-07T21:02:29.753" /><!-- duration: 31ms -->
  <step title="Performing fetch based deployment" date="2026-01-07T21:02:29.800" >
    <step title="Fetching changes." date="2026-01-07T21:02:29.832" /><!-- duration: 16ms -->
    <step title="Before sending BuildRequestReceived status to /api/updatedeploystatus" date="2026-01-07T21:02:30.457" /><!-- duration: 0ms -->
  </step><!-- duration: 672ms -->
  <step title="LockFile &apos;C:\home\site\locks\deployments.lock&apos; released" date="2026-01-07T21:02:30.472" /><!-- duration: 0ms -->
  <step title="Deleting shutdown sentinel file" date="2026-01-07T21:02:30.472" SemaphoreCount="8" /><!-- duration: 0ms -->
</step><!-- duration: 766ms -->
