<step title="BackgroundTrace" date="2026-01-07T21:25:32.569" instance="79e06d" url="/api/publish" method="POST" >
  <step title="Updating shutdown sentinel last write time" date="2026-01-07T21:25:32.569" SemaphoreCount="7" /><!-- duration: 16ms -->
  <step title="LockFile &apos;C:\home\site\locks\deployments.lock&apos; acquired" date="2026-01-07T21:25:32.585" /><!-- duration: 0ms -->
  <step title="Creating temporary deployment" date="2026-01-07T21:25:32.585" /><!-- duration: 16ms -->
  <step title="Performing fetch based deployment" date="2026-01-07T21:25:32.601" >
    <step title="Fetching changes." date="2026-01-07T21:25:32.616" /><!-- duration: 16ms -->
    <step title="Starting LocalZipHandler" date="2026-01-07T21:25:32.632" /><!-- duration: 0ms -->
    <step title="Cleaning up temp folders from previous zip deployments and extracting pushed zip file C:\local\Temp\zipdeploy\kvlhha0k.zip (4.44 MB) to C:\local\Temp\zipdeploy\extracted" date="2026-01-07T21:25:32.632" /><!-- duration: 0ms -->
    <step title="Cleaning up temp folders from previous zip deployments and extracting pushed zip file C:\local\Temp\zipdeploy\kvlhha0k.zip (4.44 MB) to C:\local\Temp\zipdeploy\extracted" date="2026-01-07T21:25:32.648" >
      <step title="Renaming extractTargetDirectory(C:\local\Temp\zipdeploy\extracted) to tempDirectory(C:\local\Temp\zipdeploy\5nb3fhum.mik)" date="2026-01-07T21:25:32.648" /><!-- duration: 0ms -->
      <step title="Extracting 2185 entries to C:\local\Temp\zipdeploy\extracted directory" date="2026-01-07T21:25:32.663" >
        <step title="Extracting to C:\local\Temp\zipdeploy\extracted\package-lock.json ..." date="2026-01-07T21:25:32.679" /><!-- duration: 0ms -->
        <step title="Extracting to C:\local\Temp\zipdeploy\extracted\package.json ..." date="2026-01-07T21:25:32.679" /><!-- duration: 0ms -->
        <step title="Extracting to C:\local\Temp\zipdeploy\extracted\server.js ..." date="2026-01-07T21:25:32.679" /><!-- duration: 0ms -->
        <step title="Extracting to C:\local\Temp\zipdeploy\extracted\web.config ..." date="2026-01-07T21:25:32.694" /><!-- duration: 0ms -->
        <step title="Extracting to C:\local\Temp\zipdeploy\extracted\config\db.js ..." date="2026-01-07T21:25:32.694" /><!-- duration: 0ms -->
        <step title="Omitting extracting file traces ..." date="2026-01-07T21:25:32.694" /><!-- duration: 0ms -->
      </step><!-- duration: 1297ms -->
    </step><!-- duration: 1328ms -->
    <step title="Before sending BuildRequestReceived status to /api/updatedeploystatus" date="2026-01-07T21:25:33.976" /><!-- duration: 0ms -->
    <step title="DeploymentManager.Deploy(id:bbe5cf6e29f140ecaab60e1d7e03c034)" date="2026-01-07T21:25:33.976" >
      <step title="Collecting changeset information" date="2026-01-07T21:25:33.991" /><!-- duration: 31ms -->
      <step title="Updating submodules" date="2026-01-07T21:25:34.038" >
        <step title="Updating submodules." date="2026-01-07T21:25:34.054" /><!-- duration: 0ms -->
      </step><!-- duration: 16ms -->
      <step title="Preparing deployment for commit id &apos;bbe5cf6e29&apos;." date="2026-01-07T21:25:34.085" /><!-- duration: 0ms -->
      <step title="Determining deployment builder" date="2026-01-07T21:25:34.101" >
        <step title="Specific project was specified: Backend" date="2026-01-07T21:25:34.101" /><!-- duration: 0ms -->
        <step title="Builder is OneDeployBuilder" date="2026-01-07T21:25:34.101" /><!-- duration: 16ms -->
      </step><!-- duration: 16ms -->
      <step title="Copying SSH keys" date="2026-01-07T21:25:34.116" /><!-- duration: 0ms -->
      <step title="Building" date="2026-01-07T21:25:34.116" >
        <step title="Running build. Project type: OneDeploy" date="2026-01-07T21:25:34.148" /><!-- duration: 0ms -->
        <step title="Copying the manifest" date="2026-01-07T21:25:34.163" /><!-- duration: 0ms -->
        <step title="Clean deploying to C:\home\site\wwwroot" date="2026-01-07T21:25:34.226" /><!-- duration: 16ms -->
        <step title="Generating deployment script." date="2026-01-07T21:25:34.288" /><!-- duration: 0ms -->
        <step title="Generating deployment script" date="2026-01-07T21:25:34.304" >
          <step title="Using cached version of the deployment script for command: -y --no-dot-deployment -r &quot;C:\local\Temp\zipdeploy\extracted&quot; -o &quot;C:\home\site\deployments\tools&quot; --basic --sitePath &quot;C:\local\Temp\zipdeploy\extracted\Backend&quot;" date="2026-01-07T21:25:34.304" /><!-- duration: 0ms -->
          <step title="Using cached version of deployment script (command: &apos;azure -y --no-dot-deployment -r &quot;C:\local\Temp\zipdeploy\extracted&quot; -o &quot;C:\home\site\deployments\tools&quot; --basic --sitePath &quot;C:\local\Temp\zipdeploy\extracted\Backend&quot;&apos;)." date="2026-01-07T21:25:34.319" /><!-- duration: 0ms -->
        </step><!-- duration: 31ms -->
        <step title="Running deployment command..." date="2026-01-07T21:25:34.351" /><!-- duration: 0ms -->
        <step title="Command: &quot;C:\home\site\deployments\tools\deploy.cmd&quot;" date="2026-01-07T21:25:34.351" /><!-- duration: 0ms -->
        <step title="Executing external process" date="2026-01-07T21:25:34.366" type="process" path="starter.cmd" arguments="&quot;C:\home\site\deployments\tools\deploy.cmd&quot;" >
          <step title="Handling Basic Web Site deployment." date="2026-01-07T21:25:34.476" /><!-- duration: 0ms -->
          <step title="Creating app_offline.htm" date="2026-01-07T21:25:34.538" /><!-- duration: 0ms -->
          <step title="KuduSync.NET from: &apos;C:\local\Temp\zipdeploy\extracted\Backend&apos; to: &apos;C:\home\site\wwwroot&apos;" date="2026-01-07T21:25:34.554" /><!-- duration: 0ms -->
          <step title="Deleting app_offline.htm" date="2026-01-07T21:25:34.554" /><!-- duration: 0ms -->
          <step title="Finished successfully." date="2026-01-07T21:25:34.554" /><!-- duration: 0ms -->
        </step><!-- duration: 203ms -->
        <step title="Build completed succesfully." date="2026-01-07T21:25:34.601" /><!-- duration: 0ms -->
        <step title="Running post deployment command(s)..." date="2026-01-07T21:25:34.616" /><!-- duration: 0ms -->
        <step title="Requesting site restart" date="2026-01-07T21:25:34.648" /><!-- duration: 0ms -->
        <step title="Requesting site restart" date="2026-01-07T21:25:34.648" /><!-- duration: 0ms -->
        <step title="Requesting site restart. Attempt #1" date="2026-01-07T21:25:34.663" /><!-- duration: 0ms -->
        <step title="Requesting site restart. Attempt #1" date="2026-01-07T21:25:34.663" /><!-- duration: 0ms -->
        <step title="Successfully requested a restart. Attempt #1" date="2026-01-07T21:25:34.741" /><!-- duration: 0ms -->
        <step title="Successfully requested a restart. Attempt #1" date="2026-01-07T21:25:34.741" /><!-- duration: 16ms -->
        <step title="Deployment successful. DEPLOYMENTINFO: deploymentPath = OneDeploy, deployer = OneDeploy, os = windows, sku = Free, siteName = shopease-bula, siteHostName = shopease-bula-cshhexhdapfzbycf.centralindia-01.azurewebsites.net, deploymentStatus = Success" date="2026-01-07T21:25:34.773" /><!-- duration: 0ms -->
      </step><!-- duration: 703ms -->
    </step><!-- duration: 844ms -->
    <step title="Cleaning up temp files" date="2026-01-07T21:25:34.820" /><!-- duration: 0ms -->
    <step title="Skip function trigger and logicapp sync because function is not enabled." date="2026-01-07T21:25:34.851" /><!-- duration: 0ms -->
  </step><!-- duration: 2266ms -->
  <step title="LockFile &apos;C:\home\site\locks\deployments.lock&apos; released" date="2026-01-07T21:25:34.866" /><!-- duration: 0ms -->
  <step title="Deleting shutdown sentinel file" date="2026-01-07T21:25:34.882" SemaphoreCount="8" /><!-- duration: 0ms -->
</step><!-- duration: 2313ms -->
