<step title="Incoming Request" date="2026-01-07T21:25:31.007" instance="79e06d" url="/api/publish?async=true&amp;deployer=GITHUB_ONE_DEPLOY&amp;type=zip&amp;message=%7B%22type%22%3A%22deployment%22%2C%22sha%22%3A%2271b0b44319a9d6f8391091552f8ce3b3d88f64ee%22%2C%22repoName%22%3A%22bilal-raza12%2FShopEase%22%2C%22actor%22%3A%22bilal-raza12%22%2C%22slotName%22%3A%22Production%22%2C%22commitMessage%22%3A%22Fix%3A%20Remove%20static%20file%20serving%2C%20API-only%20backend%22%7D" method="POST" type="request" pid="9828,2,32" Transfer-Encoding="chunked" Content-Type="application/octet-stream" Authorization="Bea..." Cookie="ARRAffinity=79e06db539acb57119e709978d2cf1da299e8341753d6f6345007fcab3f69bc5;Path=/;HttpOnly;Secure;Domain=shopease-bula-cshhexhdapfzbycf.scm.centralindia-01.azurewebsites.net; ARRAffinitySameSite=79e06db539acb57119e709978d2cf1da299e8341753d6f6345007fcab3f69bc5;Path=/;HttpOnly;SameSite=None;Secure;Domain=shopease-bula-cshhexhdapfzbycf.scm.centralindia-01.azurewebsites.net" Host="shopease-bula-cshhexhdapfzbycf.scm.centralindia-01.azurewebsites.net" User-Agent="GITHUBACTIONS_DeployWebAppToAzure_4623fdd9dfa543c12a8655499011582f020fd5da02a35bc60b9cb57d606836b9" X-ARR-LOG-ID="f9623a7c-34cb-4a43-bfb8-5abf4ac8d870" CLIENT-IP="40.65.59.113:38920" X-SITE-DEPLOYMENT-ID="shopease-bula" WAS-DEFAULT-HOSTNAME="shopease-bula-cshhexhdapfzbycf.scm.centralindia-01.azurewebsites.net" X-Forwarded-Proto="https" X-AppService-Proto="https" X-Forwarded-TlsVersion="1.3" X-WAWS-Unencoded-URL="/api/publish?async=true&amp;deployer=GITHUB_ONE_DEPLOY&amp;type=zip&amp;message=%7B%22type%22%3A%22deployment%22%2C%22sha%22%3A%2271b0b44319a9d6f8391091552f8ce3b3d88f64ee%22%2C%22repoName%22%3A%22bilal-raza12%2FShopEase%22%2C%22actor%22%3A%22bilal-raza12%22%2C%22slotName%22%3A%22Production%22%2C%22commitMessage%22%3A%22Fix%3A%20Remove%20static%20file%20serving%2C%20API-only%20backend%22%7D" >
  <step title="OneDeploy" date="2026-01-07T21:25:31.226" >
    <step title="Starting PushDeployAsync" date="2026-01-07T21:25:31.226" /><!-- duration: 0ms -->
    <step title="Updating shutdown sentinel last write time" date="2026-01-07T21:25:31.226" SemaphoreCount="7" /><!-- duration: 16ms -->
    <step title="Assuming git repository at C:\home\site\repository" date="2026-01-07T21:25:31.257" /><!-- duration: 0ms -->
    <step title="LockFile &apos;C:\home\site\locks\deployments.lock&apos; acquired" date="2026-01-07T21:25:31.273" /><!-- duration: 0ms -->
    <step title="Saving request content to C:\local\Temp\zipdeploy\kvlhha0k.zip" date="2026-01-07T21:25:31.273" >
      <step title="Total 4,657,558 bytes written to C:\local\Temp\zipdeploy\kvlhha0k.zip" date="2026-01-07T21:25:32.523" /><!-- duration: 0ms -->
    </step><!-- duration: 1250ms -->
    <step title="LockFile &apos;C:\home\site\locks\deployments.lock&apos; released" date="2026-01-07T21:25:32.538" /><!-- duration: 16ms -->
    <step title="Deleting shutdown sentinel file" date="2026-01-07T21:25:32.554" SemaphoreCount="8" /><!-- duration: 16ms -->
    <step title="Starting FetchDeploy" date="2026-01-07T21:25:32.569" /><!-- duration: 0ms -->
    <step title="Start deployment in the background" date="2026-01-07T21:25:32.569" /><!-- duration: 31ms -->
  </step><!-- duration: 1375ms -->
  <step title="Outgoing response" date="2026-01-07T21:25:32.601" type="response" statusCode="202" statusText="Accepted" Server="Microsoft-IIS/10.0" x-ms-request-id="f9623a7c-34cb-4a43-bfb8-5abf4ac8d870" Retry-After="30" Cache-Control="private" X-AspNet-Version="4.0.30319" Location="https://shopease-bula-cshhexhdapfzbycf.scm.centralindia-01.azurewebsites.net/api/deployments/latest?deployer=OneDeploy&amp;time=2026-01-07_21-25-32Z" /><!-- duration: 0ms -->
</step><!-- duration: 1594ms -->
