<step title="Incoming Request" date="2026-01-07T21:14:14.072" instance="79e06d" url="/api/publish?async=true&amp;deployer=GITHUB_ONE_DEPLOY&amp;type=zip&amp;message=%7B%22type%22%3A%22deployment%22%2C%22sha%22%3A%22db8b03a6349d32e5f547b98764c316a0e565aaee%22%2C%22repoName%22%3A%22bilal-raza12%2FShopEase%22%2C%22actor%22%3A%22bilal-raza12%22%2C%22slotName%22%3A%22Production%22%2C%22commitMessage%22%3A%22Fix%3A%20Deploy%20from%20Backend%20folder%22%7D" method="POST" type="request" pid="9828,2,58" Transfer-Encoding="chunked" Content-Type="application/octet-stream" Authorization="Bea..." Cookie="ARRAffinity=79e06db539acb57119e709978d2cf1da299e8341753d6f6345007fcab3f69bc5;Path=/;HttpOnly;Secure;Domain=shopease-bula-cshhexhdapfzbycf.scm.centralindia-01.azurewebsites.net; ARRAffinitySameSite=79e06db539acb57119e709978d2cf1da299e8341753d6f6345007fcab3f69bc5;Path=/;HttpOnly;SameSite=None;Secure;Domain=shopease-bula-cshhexhdapfzbycf.scm.centralindia-01.azurewebsites.net" Host="shopease-bula-cshhexhdapfzbycf.scm.centralindia-01.azurewebsites.net" User-Agent="GITHUBACTIONS_DeployWebAppToAzure_4623fdd9dfa543c12a8655499011582f020fd5da02a35bc60b9cb57d606836b9" X-ARR-LOG-ID="9b2bfc9a-971c-4d7c-af3f-492051c4bc5a" CLIENT-IP="135.119.239.52:53248" X-SITE-DEPLOYMENT-ID="shopease-bula" WAS-DEFAULT-HOSTNAME="shopease-bula-cshhexhdapfzbycf.scm.centralindia-01.azurewebsites.net" X-Forwarded-Proto="https" X-AppService-Proto="https" X-Forwarded-TlsVersion="1.3" X-WAWS-Unencoded-URL="/api/publish?async=true&amp;deployer=GITHUB_ONE_DEPLOY&amp;type=zip&amp;message=%7B%22type%22%3A%22deployment%22%2C%22sha%22%3A%22db8b03a6349d32e5f547b98764c316a0e565aaee%22%2C%22repoName%22%3A%22bilal-raza12%2FShopEase%22%2C%22actor%22%3A%22bilal-raza12%22%2C%22slotName%22%3A%22Production%22%2C%22commitMessage%22%3A%22Fix%3A%20Deploy%20from%20Backend%20folder%22%7D" >
  <step title="OneDeploy" date="2026-01-07T21:14:14.290" >
    <step title="Starting PushDeployAsync" date="2026-01-07T21:14:14.290" /><!-- duration: 0ms -->
    <step title="Updating shutdown sentinel last write time" date="2026-01-07T21:14:14.306" SemaphoreCount="7" /><!-- duration: 0ms -->
    <step title="Assuming git repository at C:\home\site\repository" date="2026-01-07T21:14:14.322" /><!-- duration: 0ms -->
    <step title="LockFile &apos;C:\home\site\locks\deployments.lock&apos; acquired" date="2026-01-07T21:14:14.337" /><!-- duration: 0ms -->
    <step title="Saving request content to C:\local\Temp\zipdeploy\gzjba1tr.zip" date="2026-01-07T21:14:14.337" >
      <step title="Total 4,657,801 bytes written to C:\local\Temp\zipdeploy\gzjba1tr.zip" date="2026-01-07T21:14:15.400" /><!-- duration: 0ms -->
    </step><!-- duration: 1063ms -->
    <step title="LockFile &apos;C:\home\site\locks\deployments.lock&apos; released" date="2026-01-07T21:14:15.415" /><!-- duration: 0ms -->
    <step title="Deleting shutdown sentinel file" date="2026-01-07T21:14:15.415" SemaphoreCount="8" /><!-- duration: 0ms -->
    <step title="Starting FetchDeploy" date="2026-01-07T21:14:15.415" /><!-- duration: 0ms -->
    <step title="Start deployment in the background" date="2026-01-07T21:14:15.415" /><!-- duration: 63ms -->
  </step><!-- duration: 1187ms -->
  <step title="Outgoing response" date="2026-01-07T21:14:15.493" type="response" statusCode="202" statusText="Accepted" Server="Microsoft-IIS/10.0" x-ms-request-id="9b2bfc9a-971c-4d7c-af3f-492051c4bc5a" Retry-After="30" Cache-Control="private" X-AspNet-Version="4.0.30319" Location="https://shopease-bula-cshhexhdapfzbycf.scm.centralindia-01.azurewebsites.net/api/deployments/latest?deployer=OneDeploy&amp;time=2026-01-07_21-14-15Z" /><!-- duration: 0ms -->
</step><!-- duration: 1422ms -->
