﻿<?xml version="1.0" encoding="utf-8"?>
<deployment>
  <id>669e1ff7c1cc446c8c7cda701631089c</id>
  <author>N/A</author>
  <deployer>OneDeploy</deployer>
  <authorEmail>N/A</authorEmail>
  <message>OneDeploy</message>
  <progress></progress>
  <status>Success</status>
  <statusText></statusText>
  <lastSuccessEndTime>2026-01-07T21:14:17.9627067Z</lastSuccessEndTime>
  <receivedTime>2026-01-07T21:14:16.8533222Z</receivedTime>
  <startTime>2026-01-07T21:14:16.9314471Z</startTime>
  <endTime>2026-01-07T21:14:17.9627067Z</endTime>
  <complete>True</complete>
  <is_temp>False</is_temp>
  <is_readonly>True</is_readonly>
  <project_type>OneDeploy</project_type>
  <vsproject_id></vsproject_id>
</deployment>