{"TimeStamp":"2026-01-07T21:25:34Z","SiteName":"shopease-bula","RequestId":"f9623a7c-34cb-4a43-bfb8-5abf4ac8d870","Kind":"OneDeploy","Status":"Success","Details":"{\"Id\":\"bbe5cf6e29f140ecaab60e1d7e03c034\",\"Status\":4,\"StatusText\":\"\",\"AuthorEmail\":\"N/A\",\"Author\":\"N/A\",\"Message\":\"OneDeploy\",\"Progress\":\"\",\"Deployer\":\"OneDeploy\",\"ReceivedTime\":\"2026-01-07T21:25:33.9918662Z\",\"StartTime\":\"2026-01-07T21:25:34.1012344Z\",\"EndTime\":\"2026-01-07T21:25:34.7731263Z\",\"LastSuccessEndTime\":\"2026-01-07T21:25:34.7731263Z\",\"Complete\":true,\"IsTemporary\":false,\"IsReadOnly\":true,\"SiteName\":\"shopease-bula\",\"HostName\":\"shopease-bula-cshhexhdapfzbycf.scm.centralindia-01.azurewebsites.net\",\"ProjectType\":\"OneDeploy\",\"VsProjectId\":null}"}