﻿<?xml version="1.0" encoding="utf-8"?>
<deployment>
  <id>bbe5cf6e29f140ecaab60e1d7e03c034</id>
  <author>N/A</author>
  <deployer>OneDeploy</deployer>
  <authorEmail>N/A</authorEmail>
  <message>OneDeploy</message>
  <progress></progress>
  <status>Success</status>
  <statusText></statusText>
  <lastSuccessEndTime>2026-01-07T21:25:34.7731263Z</lastSuccessEndTime>
  <receivedTime>2026-01-07T21:25:33.9918662Z</receivedTime>
  <startTime>2026-01-07T21:25:34.1012344Z</startTime>
  <endTime>2026-01-07T21:25:34.7731263Z</endTime>
  <complete>True</complete>
  <is_temp>False</is_temp>
  <is_readonly>True</is_readonly>
  <project_type>OneDeploy</project_type>
  <vsproject_id></vsproject_id>
</deployment>